CREATE TABLE IF NOT EXISTS `book` (
  `title` varchar(150) NOT NULL,
  `author` varchar(150) NOT NULL,
  `id` int(11) NOT NULL AUTO_INCREMENT,
  `summery` varchar(500) NOT NULL,
  `tags` varchar(500) NOT NULL,
  `creator` varchar(50) DEFAULT NULL,
  `front` varchar(500) NOT NULL DEFAULT ',',
  `end` varchar(500) NOT NULL DEFAULT ',',
  PRIMARY KEY (`id`),
  UNIQUE KEY `id` (`id`)
) ENGINE=MyISAM AUTO_INCREMENT=122 DEFAULT CHARSET=latin1;

CREATE TABLE IF NOT EXISTS `chapter` (
  `name` varchar(100) NOT NULL,
  `bookid` int(11) NOT NULL,
  `pages` text NOT NULL,
  `id` int(11) NOT NULL AUTO_INCREMENT,
  `creatorID` int(11) DEFAULT NULL,
  PRIMARY KEY (`id`)
) ENGINE=InnoDB AUTO_INCREMENT=255 DEFAULT CHARSET=latin1;

CREATE TABLE IF NOT EXISTS `users` (
  `name` varchar(15) NOT NULL,
  `mail` varchar(50) NOT NULL,
  `password` varchar(50) NOT NULL,
  `id` int(11) NOT NULL AUTO_INCREMENT,
  `tutorial` tinyint(4) NOT NULL,
  `emitted` tinyint(4) NOT NULL,
  `admin` tinyint(4) NOT NULL,
  UNIQUE KEY `id` (`id`),
  UNIQUE KEY `mail` (`mail`),
  UNIQUE KEY `name` (`name`)
) ENGINE=InnoDB AUTO_INCREMENT=51 DEFAULT CHARSET=latin1;

INSERT INTO `book` (`title`,`author`,`id`,`summery`,`tags`,`creator`,`front`,`end`) VALUES ('Algebra och Geometri','Anders Vretblad Kerstin Ekstig',11,'uuusch vad det är sent nu','matte,mattebok',NULL,',',',');
INSERT INTO `book` (`title`,`author`,`id`,`summery`,`tags`,`creator`,`front`,`end`) VALUES ('Albert','ingen',24,'ingen skrev denna bok','cola,vatten',NULL,'http://i.imgur.com/N2Oa0j0.jpg,http://i.imgur.com/dxWKCdf.jpg','http://i.imgur.com/9CU0Txf.jpg,http://i.imgur.com/2OMzMaQ.jpg');
INSERT INTO `book` (`title`,`author`,`id`,`summery`,`tags`,`creator`,`front`,`end`) VALUES ('Matematisk startbok','Kerstin Ekstig Lennart Hellstrom Hakan Sollervall',26,'Sidor i matematisk startbok','matte,sidor',NULL,',',',');
INSERT INTO `book` (`title`,`author`,`id`,`summery`,`tags`,`creator`,`front`,`end`) VALUES ('Matte uppgifter','blank',28,'Lite enskilda uppgifter','matte,uppgifter,enskilt',NULL,',',',');
INSERT INTO `book` (`title`,`author`,`id`,`summery`,`tags`,`creator`,`front`,`end`) VALUES ('accounting system','Romney',33,'','adel,redovisning,bok',NULL,',',',');
INSERT INTO `book` (`title`,`author`,`id`,`summery`,`tags`,`creator`,`front`,`end`) VALUES ('Creating a Multiplayer Game','Henry Pap',35,'Some breif information of how to make a multiplayer game in html5 mostly this is just to store my ides somewere','html5,nodejs,socket,game,multiplayer',NULL,',',',');
INSERT INTO `book` (`title`,`author`,`id`,`summery`,`tags`,`creator`,`front`,`end`) VALUES ('Sa skriver du battre tekniska rapporter','Erik Walla',36,'Ifall du undrar vf det star focus ibland sa e det kameran som maste ha ngt att fokusera pa','svenska,tala,rapport',NULL,',',',');
INSERT INTO `book` (`title`,`author`,`id`,`summery`,`tags`,`creator`,`front`,`end`) VALUES ('Linjar algebra','Torsten Lindsrtom',45,'Med fokus p linjar algebra till carlelito','matte,algebra,carl',NULL,',',',');
INSERT INTO `book` (`title`,`author`,`id`,`summery`,`tags`,`creator`,`front`,`end`) VALUES ('Shit Face','Stoner guy',65,'This book is the best book of all time.. also.. it had two fingers','what,the,fuck','henry',',',',');
INSERT INTO `book` (`title`,`author`,`id`,`summery`,`tags`,`creator`,`front`,`end`) VALUES ('Software Engineering','Ian Sommerville',78,'Tenth Edition','pearson,always,learning','henry',',',',');
INSERT INTO `book` (`title`,`author`,`id`,`summery`,`tags`,`creator`,`front`,`end`) VALUES ('Discrete Mathematics','Henry Pap',90,'These are the lecture notes for descrete mathematics','math,lectures','admin',',',',');
INSERT INTO `book` (`title`,`author`,`id`,`summery`,`tags`,`creator`,`front`,`end`) VALUES ('AAPOOP','FAK',107,'','','temp',',',',');
INSERT INTO `book` (`title`,`author`,`id`,`summery`,`tags`,`creator`,`front`,`end`) VALUES ('bajs','henry',109,'hej','','admin',',',',');
INSERT INTO `book` (`title`,`author`,`id`,`summery`,`tags`,`creator`,`front`,`end`) VALUES ('Mikroprocessorteknik','Per Foyer',113,'blabla','teknik,programmering,coding,tech','admin',',',',');
INSERT INTO `book` (`title`,`author`,`id`,`summery`,`tags`,`creator`,`front`,`end`) VALUES ('hej','',120,'','','admin',',',',');

INSERT INTO `chapter` (`name`,`bookid`,`pages`,`id`,`creatorID`) VALUES ('Kap 0',11,'http://i.imgur.com/RZ4i7yN.jpg,http://i.imgur.com/EKlUmTP.jpg,http://i.imgur.com/lbaNeBS.jpg,http://i.imgur.com/tXferlK.jpg,http://i.imgur.com/b0pwrn5.jpg,http://i.imgur.com/jBXE5VG.jpg,http://i.imgur.com/mo6WTWU.jpg,http://i.imgur.com/0CyZC2d.jpg,http://i.imgur.com/HxwtHwX.jpg,http://i.imgur.com/nG2vFO2.jpg,http://i.imgur.com/Cv4Lilg.jpg,http://i.imgur.com/Gn3xqHD.jpg,http://i.imgur.com/3RfdXcP.jpg,http://i.imgur.com/7JEkbjq.jpg,http://i.imgur.com/gGMrTuz.jpg,http://i.imgur.com/u2DxkEP.jpg,http://i.imgur.com/czAnFHA.jpg,http://i.imgur.com/hLNHZss.jpg,http://i.imgur.com/ZNBf1W6.jpg,http://i.imgur.com/8P214Gn.jpg,http://i.imgur.com/9NMNgYw.jpg',128,NULL);
INSERT INTO `chapter` (`name`,`bookid`,`pages`,`id`,`creatorID`) VALUES ('Kap 1',11,'http://i.imgur.com/kslbTHy.jpg,http://i.imgur.com/nwGebhm.jpg,http://i.imgur.com/3Kj7LEf.jpg,http://i.imgur.com/2w2yw13.jpg,http://i.imgur.com/LyNY27V.jpg,http://i.imgur.com/f197ZVm.jpg,http://i.imgur.com/B5EdDtQ.jpg,http://i.imgur.com/sU3WlnR.jpg,http://i.imgur.com/HegTfNW.jpg,http://i.imgur.com/XeGBGwG.jpg,http://i.imgur.com/UuOLLij.jpg,http://i.imgur.com/6il8hO3.jpg,http://i.imgur.com/0rY4WwT.jpg,http://i.imgur.com/aUgOZ2Q.jpg,http://i.imgur.com/4JAv2yg.jpg,http://i.imgur.com/UVSs607.jpg,http://i.imgur.com/a27q7jm.jpg,http://i.imgur.com/fFwcG1L.jpg,http://i.imgur.com/GXjYlTp.jpg,http://i.imgur.com/bQCuabQ.jpg,http://i.imgur.com/WI2iiPO.jpg,http://i.imgur.com/p7UD8am.jpg,http://i.imgur.com/7SUjveH.jpg,http://i.imgur.com/0Ddf2KY.jpg,http://i.imgur.com/nvtJ67I.jpg,http://i.imgur.com/8AfULPQ.jpg,http://i.imgur.com/VSnMby6.jpg,http://i.imgur.com/OCF9GTX.jpg,http://i.imgur.com/hPY47Ib.jpg,http://i.imgur.com/M6TtA6V.jpg,http://i.imgur.com/60wDO2y.jpg,http://i.imgur.com/YHAB6ZV.jpg',129,NULL);
INSERT INTO `chapter` (`name`,`bookid`,`pages`,`id`,`creatorID`) VALUES ('Forelasning 1',11,'http://i.imgur.com/IJOH3nX.jpg,http://i.imgur.com/92Wue3h.jpg,http://i.imgur.com/OxHo278.jpg',130,NULL);
INSERT INTO `chapter` (`name`,`bookid`,`pages`,`id`,`creatorID`) VALUES ('Forelasning 2',11,'http://i.imgur.com/nPGPXUL.jpg,http://i.imgur.com/FKBfZYi.jpg,http://i.imgur.com/LNDZo70.jpg,http://i.imgur.com/WcKHi5x.jpg,http://i.imgur.com/5wB7sOA.jpg',131,NULL);
INSERT INTO `chapter` (`name`,`bookid`,`pages`,`id`,`creatorID`) VALUES ('Kap 0',24,'http://i.imgur.com/83Tc7g6.jpg,http://curiositysip.com/wp-content/uploads/2015/10/Ducks-3-768x432.jpg,http://i.imgur.com/eQpXvAA.gif,http://i.imgur.com/fruNlcf.jpg',132,NULL);
INSERT INTO `chapter` (`name`,`bookid`,`pages`,`id`,`creatorID`) VALUES ('Sidor 136-158',26,'http://i.imgur.com/kFAreMa.jpg,http://i.imgur.com/zqyc9OT.jpg,http://i.imgur.com/0cNuGmn.jpg,http://i.imgur.com/ivrCt7h.jpg,http://i.imgur.com/N6w9Hbn.jpg,http://i.imgur.com/wpahAGv.jpg,http://i.imgur.com/ZcgpT87.jpg,http://i.imgur.com/i7hPDBi.jpg,http://i.imgur.com/0RlQmHU.jpg,http://i.imgur.com/I0bM73f.jpg,http://i.imgur.com/91RXl5z.jpg,http://i.imgur.com/3afvG7h.jpg,http://i.imgur.com/pEW8ucH.jpg,http://i.imgur.com/TX5mrfD.jpg,http://i.imgur.com/YBXC0QG.jpg,http://i.imgur.com/pYIATjZ.jpg,http://i.imgur.com/KqAiTGO.jpg,http://i.imgur.com/lFBPXXG.jpg,http://i.imgur.com/SatQNWH.jpg,http://i.imgur.com/USvuKWQ.jpg,http://i.imgur.com/EPCytXM.jpg,http://i.imgur.com/6oECdxi.jpg,http://i.imgur.com/oROmoM1.jpg,http://i.imgur.com/n02sWPW.jpg,http://i.imgur.com/xuz4Gnn.jpg,http://i.imgur.com/KY7Mo4U.jpg',133,NULL);
INSERT INTO `chapter` (`name`,`bookid`,`pages`,`id`,`creatorID`) VALUES ('Sida 2-10',26,'http://i.imgur.com/JrJZerN.jpg,http://i.imgur.com/IFv6SA9.jpg,http://i.imgur.com/8uwT2yc.jpg,http://i.imgur.com/FB9Rous.jpg,http://i.imgur.com/KWwd3lM.jpg,http://i.imgur.com/YQaNCgR.jpg,http://i.imgur.com/4NUyAsd.jpg,http://i.imgur.com/jZuk7vC.jpg,http://i.imgur.com/0RqjU9l.jpg',134,NULL);
INSERT INTO `chapter` (`name`,`bookid`,`pages`,`id`,`creatorID`) VALUES ('71-110',26,'http://i.imgur.com/CDMnVlt.jpg,http://i.imgur.com/9QujYln.jpg,http://i.imgur.com/v6pp2fT.jpg,http://i.imgur.com/JnVeBSP.jpg,http://i.imgur.com/9mseM3U.jpg,http://i.imgur.com/aYZvANF.jpg,http://i.imgur.com/Y5KQ0Rt.jpg,http://i.imgur.com/rhHql2z.jpg,http://i.imgur.com/gv3AlCr.jpg,http://i.imgur.com/VInlDTG.jpg,http://i.imgur.com/yg6Nr2x.jpg,http://i.imgur.com/rzDaHov.jpg,http://i.imgur.com/zYbANZR.jpg,http://i.imgur.com/SqkE39G.jpg,http://i.imgur.com/tajUrUb.jpg,http://i.imgur.com/lG7lDsX.jpg,http://i.imgur.com/sB3Z4zq.jpg,http://i.imgur.com/4YakVK4.jpg,http://i.imgur.com/Ihwc9q4.jpg,http://i.imgur.com/bo8D23K.jpg,http://i.imgur.com/lysX0Nn.jpg,http://i.imgur.com/H6fhaBX.jpg,http://i.imgur.com/AlPP7ce.jpg,http://i.imgur.com/HU6jiOs.jpg,http://i.imgur.com/azCmBSd.jpg,http://i.imgur.com/uBf4rKp.jpg,http://i.imgur.com/azSygFT.jpg,http://i.imgur.com/Ys1Oasc.jpg,http://i.imgur.com/nhbW4o6.jpg,http://i.imgur.com/giaaR1v.jpg,http://i.imgur.com/Wwckcvk.jpg,http://i.imgur.com/DlhmFS4.jpg,http://i.imgur.com/YRAfmHh.jpg,http://i.imgur.com/0IILH7s.jpg,http://i.imgur.com/j9wPF7j.jpg,http://i.imgur.com/ON3imFF.jpg,http://i.imgur.com/xiPwJOt.jpg,http://i.imgur.com/JbP7FQz.jpg,http://i.imgur.com/r9IYzki.jpg',135,NULL);
INSERT INTO `chapter` (`name`,`bookid`,`pages`,`id`,`creatorID`) VALUES ('Sida 158-171',26,'http://i.imgur.com/EDy8eO0.jpg,http://i.imgur.com/bJHzTzz.jpg,http://i.imgur.com/n16ms20.jpg,http://i.imgur.com/IalKWxa.jpg,http://i.imgur.com/iKa6mdm.jpg,http://i.imgur.com/zTXvQMC.jpg,http://i.imgur.com/xDPD5Ak.jpg,http://i.imgur.com/YXyumH0.jpg,http://i.imgur.com/0pES2Sx.jpg,http://i.imgur.com/1gVtTfh.jpg,http://i.imgur.com/D5LMs7n.jpg,http://i.imgur.com/OOWSSOL.jpg,http://i.imgur.com/xJhFeR2.jpg,http://i.imgur.com/VMEtaUt.jpg,http://i.imgur.com/xlP2Sml.jpg,http://i.imgur.com/5UhPGOy.jpg',136,NULL);
INSERT INTO `chapter` (`name`,`bookid`,`pages`,`id`,`creatorID`) VALUES ('kap 2',11,'http://i.imgur.com/3M9BZec.jpg,http://i.imgur.com/AIG9llL.jpg,http://i.imgur.com/ala6sCK.jpg,http://i.imgur.com/PXvY7Wc.jpg,http://i.imgur.com/BB1n2UH.jpg,http://i.imgur.com/ZpzSvtl.jpg,http://i.imgur.com/eLtYRsv.jpg,http://i.imgur.com/Wqx9Ydc.jpg,http://i.imgur.com/lxsCPR1.jpg,http://i.imgur.com/WQbxEtH.jpg,http://i.imgur.com/Sm8WcAy.jpg,http://i.imgur.com/0OBmk6n.jpg,http://i.imgur.com/8XnJ6QO.jpg,http://i.imgur.com/g957ovM.jpg,http://i.imgur.com/kdcsyhq.jpg,http://i.imgur.com/enNlVSt.jpg,http://i.imgur.com/rAJWbN3.jpg,http://i.imgur.com/MP1rO7v.jpg,http://i.imgur.com/cJb59HH.jpg,http://i.imgur.com/VtTecVS.jpg,http://i.imgur.com/gMCz9Mt.jpg,http://i.imgur.com/a3BxsCK.jpg,http://i.imgur.com/YQIQhaD.jpg,http://i.imgur.com/7XB4sO9.jpg,http://i.imgur.com/6HFxK5j.jpg,http://i.imgur.com/TnCae6a.jpg,http://i.imgur.com/KUE1Zq1.jpg,http://i.imgur.com/MWx9QAB.jpg,http://i.imgur.com/p79xiGc.jpg,http://i.imgur.com/tda6eIn.jpg',137,NULL);
INSERT INTO `chapter` (`name`,`bookid`,`pages`,`id`,`creatorID`) VALUES ('kap 1  3',33,'http://i.imgur.com/hJFWeQf.jpg,http://i.imgur.com/uPibqPT.jpg,http://i.imgur.com/RjXyqrp.jpg,http://i.imgur.com/Imtd2Yq.jpg,http://i.imgur.com/Lb9rAES.jpg,http://i.imgur.com/I2wVQdH.jpg,http://i.imgur.com/RiOxrdx.jpg,http://i.imgur.com/D4RDPit.jpg,http://i.imgur.com/6RaCVQ3.jpg,http://i.imgur.com/ORN56AE.jpg,http://i.imgur.com/6xd4T3a.jpg,http://i.imgur.com/4NHbUGt.jpg,http://i.imgur.com/5ol7Qkr.jpg,http://i.imgur.com/BT9UmiK.jpg,http://i.imgur.com/6H3t9DN.jpg,http://i.imgur.com/cFKqxB8.jpg,http://i.imgur.com/J7AVDcu.jpg,http://i.imgur.com/AMnJyGJ.jpg,http://i.imgur.com/fV3mIhg.jpg,http://i.imgur.com/zoU2RSR.jpg,http://i.imgur.com/Gzb1vLY.jpg,http://i.imgur.com/HPjdKR0.jpg,http://i.imgur.com/gTmiCnf.jpg,http://i.imgur.com/6HwxIen.jpg,http://i.imgur.com/QCGZq4e.jpg,http://i.imgur.com/uRoJxft.jpg,http://i.imgur.com/JKfkvDD.jpg,http://i.imgur.com/YK0uIRI.jpg,http://i.imgur.com/mmw8yzS.jpg,http://i.imgur.com/Ijpt8O8.jpg,http://i.imgur.com/4dPmAEn.jpg',138,NULL);
INSERT INTO `chapter` (`name`,`bookid`,`pages`,`id`,`creatorID`) VALUES ('Kap 0',36,'http://i.imgur.com/LSwd4HT.jpg,http://i.imgur.com/MtkRLuq.jpg,http://i.imgur.com/NSX57Zo.jpg,http://i.imgur.com/BIq6XYH.jpg,http://i.imgur.com/HyUHR2I.jpg,http://i.imgur.com/LKWZnbn.jpg,http://i.imgur.com/qU65A7l.jpg,http://i.imgur.com/5kWqV8i.jpg,http://i.imgur.com/XhmcFWQ.jpg,http://i.imgur.com/XsUDt4o.jpg,http://i.imgur.com/E2nmwwR.jpg,http://i.imgur.com/CsJTkU3.jpg',139,NULL);
INSERT INTO `chapter` (`name`,`bookid`,`pages`,`id`,`creatorID`) VALUES ('Kap 1',36,'http://i.imgur.com/24BJBTi.jpg,http://i.imgur.com/lyjKL5y.jpg,http://i.imgur.com/WnWZYIG.jpg,http://i.imgur.com/6oxpIhK.jpg,http://i.imgur.com/7ekFq56.jpg,http://i.imgur.com/39Shgu0.jpg',140,NULL);
INSERT INTO `chapter` (`name`,`bookid`,`pages`,`id`,`creatorID`) VALUES ('Kap 2',36,'http://i.imgur.com/KDgKnfL.jpg,http://i.imgur.com/aqAvJgS.jpg,http://i.imgur.com/FnAqZA8.jpg,http://i.imgur.com/Rlv47TI.jpg,http://i.imgur.com/sebvrYv.jpg,http://i.imgur.com/M5E3Zyz.jpg,http://i.imgur.com/OEJ2FV7.jpg,http://i.imgur.com/ThCEgEN.jpg,http://i.imgur.com/SnyeT8o.jpg,http://i.imgur.com/5W6q7Yd.jpg,http://i.imgur.com/5rECTdR.jpg,http://i.imgur.com/cVZlQ61.jpg,http://i.imgur.com/k5FBRBe.jpg,http://i.imgur.com/LkSJEAJ.jpg,http://i.imgur.com/V42Y6et.jpg,http://i.imgur.com/BPMofld.jpg,http://i.imgur.com/nXqjimj.jpg,http://i.imgur.com/OJMwcg4.jpg,http://i.imgur.com/Q9jHxzY.jpg,http://i.imgur.com/p7kxObI.jpg',141,NULL);
INSERT INTO `chapter` (`name`,`bookid`,`pages`,`id`,`creatorID`) VALUES ('Kap 3',36,'http://i.imgur.com/ZmD8bpF.jpg,http://i.imgur.com/dtdicZw.jpg,http://i.imgur.com/O4ZgfeQ.jpg,http://i.imgur.com/4wLM1g6.jpg,http://i.imgur.com/zSawAKL.jpg,http://i.imgur.com/mhQ8Vgv.jpg,http://i.imgur.com/P4RNdjy.jpg,http://i.imgur.com/U3ksaKB.jpg,http://i.imgur.com/btDHGxQ.jpg,http://i.imgur.com/Jjgj5pP.jpg',142,NULL);
INSERT INTO `chapter` (`name`,`bookid`,`pages`,`id`,`creatorID`) VALUES ('Kap 4',36,'http://i.imgur.com/00FvPdF.jpg,http://i.imgur.com/xaOxCgt.jpg,http://i.imgur.com/f1Pw6qC.jpg,http://i.imgur.com/sWR9bLr.jpg,http://i.imgur.com/g3sGzVa.jpg,http://i.imgur.com/yDFM0Da.jpg,http://i.imgur.com/wwFZAHZ.jpg,http://i.imgur.com/dd6CqM8.jpg,http://i.imgur.com/PjywFrB.jpg,http://i.imgur.com/rkSd4Pz.jpg,http://i.imgur.com/gsoYCAX.jpg,http://i.imgur.com/7WgOlzD.jpg,http://i.imgur.com/o3ZOnAO.jpg,http://i.imgur.com/DuUTmtp.jpg,http://i.imgur.com/Hurbfwb.jpg,http://i.imgur.com/rfXFBII.jpg,http://i.imgur.com/CKXh9bI.jpg,http://i.imgur.com/4mxaEQG.jpg',143,NULL);
INSERT INTO `chapter` (`name`,`bookid`,`pages`,`id`,`creatorID`) VALUES ('Kap 5',36,'http://i.imgur.com/VtYtkgi.jpg,http://i.imgur.com/5M9V9Q1.jpg,http://i.imgur.com/euyjg6O.jpg,http://i.imgur.com/a0aPaTs.jpg,http://i.imgur.com/DZYGwVE.jpg,http://i.imgur.com/1gPb8Rz.jpg,http://i.imgur.com/EtxfW1r.jpg,http://i.imgur.com/PAHcQ6B.jpg,http://i.imgur.com/qwGubz7.jpg,http://i.imgur.com/xMlHa0B.jpg,http://i.imgur.com/c1YO0wv.jpg,http://i.imgur.com/BkHzYU5.jpg,http://i.imgur.com/RCFBFy2.jpg,http://i.imgur.com/so6OG3y.jpg,http://i.imgur.com/o2XUzu8.jpg,http://i.imgur.com/H82phJo.jpg',144,NULL);
INSERT INTO `chapter` (`name`,`bookid`,`pages`,`id`,`creatorID`) VALUES ('Kap 6',36,'http://i.imgur.com/BUv8yaC.jpg,http://i.imgur.com/cYP46On.jpg,http://i.imgur.com/j6Veray.jpg,http://i.imgur.com/ESCWkyg.jpg,http://i.imgur.com/BAje35d.jpg,http://i.imgur.com/0q1xruH.jpg,http://i.imgur.com/y01PsVY.jpg,http://i.imgur.com/hBtNHLk.jpg,http://i.imgur.com/7Az7JIg.jpg,http://i.imgur.com/wzFt5BL.jpg,http://i.imgur.com/b86YHSH.jpg,http://i.imgur.com/tT1LAqJ.jpg,http://i.imgur.com/TeBgcyQ.jpg,http://i.imgur.com/e4IVPku.jpg,http://i.imgur.com/qB3nUQ3.jpg,http://i.imgur.com/KQqaTc9.jpg,http://i.imgur.com/JKst00Q.jpg,http://i.imgur.com/8yIPCsJ.jpg',145,NULL);
INSERT INTO `chapter` (`name`,`bookid`,`pages`,`id`,`creatorID`) VALUES ('Forord och inneholl',45,'http://i.imgur.com/EPya0pF.jpg,http://i.imgur.com/n7i3IQt.jpg,http://i.imgur.com/V0ETlpz.jpg,http://i.imgur.com/6Zo7ye1.jpg,http://i.imgur.com/m6ERFhQ.jpg,http://i.imgur.com/ykKwiuP.jpg,http://i.imgur.com/ubXI0Hj.jpg,http://i.imgur.com/Q9ZwaiL.jpg,http://i.imgur.com/yNLUvV5.jpg,http://i.imgur.com/Xx9mmSR.jpg,http://i.imgur.com/7YqHoHl.jpg,http://i.imgur.com/jL7p8mL.jpg,http://i.imgur.com/ziZMT76.jpg,http://i.imgur.com/GuZ0dj1.jpg',146,NULL);
INSERT INTO `chapter` (`name`,`bookid`,`pages`,`id`,`creatorID`) VALUES ('Kap 1',45,'http://i.imgur.com/VRJz3RV.jpg,http://i.imgur.com/ip3zzin.jpg,http://i.imgur.com/mXK1c1C.jpg,http://i.imgur.com/h7AM0Ez.jpg,http://i.imgur.com/ihOJ28E.jpg,http://i.imgur.com/x8vqIJy.jpg,http://i.imgur.com/XraGEpY.jpg,http://i.imgur.com/DQQjp5B.jpg,http://i.imgur.com/lKtNrvU.jpg,http://i.imgur.com/cJxB0zG.jpg,http://i.imgur.com/MiW20LB.jpg,http://i.imgur.com/g0fkwLL.jpg,http://i.imgur.com/n0MVTNM.jpg,http://i.imgur.com/2V3UBF3.jpg',147,NULL);
INSERT INTO `chapter` (`name`,`bookid`,`pages`,`id`,`creatorID`) VALUES ('Kap 2',45,'http://i.imgur.com/LWwRasf.jpg,http://i.imgur.com/yGk1sT7.jpg,http://i.imgur.com/Q4DBfuw.jpg,http://i.imgur.com/mQMNpE7.jpg,http://i.imgur.com/RsdzukN.jpg,http://i.imgur.com/FZvzuRv.jpg,http://i.imgur.com/Q5ptSgd.jpg,http://i.imgur.com/AquqQyS.jpg,http://i.imgur.com/0CgyHa6.jpg,http://i.imgur.com/UK18MMI.jpg,http://i.imgur.com/RX1IccI.jpg,http://i.imgur.com/NGVnLDi.jpg',148,NULL);
INSERT INTO `chapter` (`name`,`bookid`,`pages`,`id`,`creatorID`) VALUES ('Kap 3',45,'http://i.imgur.com/WhJO7hm.jpg,http://i.imgur.com/3WkFdxy.jpg,http://i.imgur.com/SJB44EB.jpg,http://i.imgur.com/doPM1FE.jpg,http://i.imgur.com/KcnYB53.jpg,http://i.imgur.com/HV3DMKt.jpg,http://i.imgur.com/BbKhUdG.jpg,http://i.imgur.com/c40phtp.jpg,http://i.imgur.com/JJGuC3X.jpg,http://i.imgur.com/yeA7pSv.jpg,http://i.imgur.com/c4a6pBi.jpg,http://i.imgur.com/k5owspM.jpg,http://i.imgur.com/nk850ax.jpg,http://i.imgur.com/wx1ywlT.jpg',149,NULL);
INSERT INTO `chapter` (`name`,`bookid`,`pages`,`id`,`creatorID`) VALUES ('Kap 4',45,'http://i.imgur.com/AfBwM1o.jpg,http://i.imgur.com/0wdeHF9.jpg,http://i.imgur.com/kA3tNce.jpg,http://i.imgur.com/KigxKKQ.jpg,http://i.imgur.com/BnPT9Ya.jpg,http://i.imgur.com/0wf8Oyk.jpg,http://i.imgur.com/qgiCeob.jpg,http://i.imgur.com/oBKRM3e.jpg',150,NULL);
INSERT INTO `chapter` (`name`,`bookid`,`pages`,`id`,`creatorID`) VALUES ('Kap 5',45,'http://i.imgur.com/I1ru1t4.jpg,http://i.imgur.com/o6wlgdT.jpg,http://i.imgur.com/rkwiZca.jpg,http://i.imgur.com/ICYJVYr.jpg,http://i.imgur.com/uNisiz2.jpg,http://i.imgur.com/ohn8dnE.jpg,http://i.imgur.com/78ei6rB.jpg,http://i.imgur.com/1AizLGI.jpg,http://i.imgur.com/0w2xm9S.jpg,http://i.imgur.com/HhgoTA7.jpg,http://i.imgur.com/lEe3K85.jpg,http://i.imgur.com/ynbzdHm.jpg,http://i.imgur.com/HrGL4yZ.jpg,http://i.imgur.com/zwKUWCB.jpg',151,NULL);
INSERT INTO `chapter` (`name`,`bookid`,`pages`,`id`,`creatorID`) VALUES ('Bilaga C',45,'http://i.imgur.com/PhEaY8o.jpg,http://i.imgur.com/oOmIFqk.jpg,http://i.imgur.com/i84IrY9.jpg,http://i.imgur.com/R9BpMaI.jpg,http://i.imgur.com/tfIjskw.jpg,http://i.imgur.com/z7j7HKJ.jpg,http://i.imgur.com/9SDjJ43.jpg,http://i.imgur.com/LcJTYjy.jpg,http://i.imgur.com/D7IfBye.jpg,http://i.imgur.com/HyGJJ9b.jpg,http://i.imgur.com/gXefmL7.jpg,http://i.imgur.com/dRWskq5.jpg,http://i.imgur.com/X4af7w8.jpg,http://i.imgur.com/fGSAGWf.jpg,http://i.imgur.com/uVAjNXq.jpg,http://i.imgur.com/UPWiT0R.jpg',152,NULL);
INSERT INTO `chapter` (`name`,`bookid`,`pages`,`id`,`creatorID`) VALUES ('Kap 0',0,',,,',153,NULL);
INSERT INTO `chapter` (`name`,`bookid`,`pages`,`id`,`creatorID`) VALUES ('asd',0,',,',154,NULL);
INSERT INTO `chapter` (`name`,`bookid`,`pages`,`id`,`creatorID`) VALUES ('kgh',0,',,',155,NULL);
INSERT INTO `chapter` (`name`,`bookid`,`pages`,`id`,`creatorID`) VALUES ('as',0,',,',156,NULL);
INSERT INTO `chapter` (`name`,`bookid`,`pages`,`id`,`creatorID`) VALUES ('Kap 4',0,'http://i.imgur.com/4pLIzEM.jpg,http://i.imgur.com/YyczFGR.jpg,http://i.imgur.com/e6w4XAe.png',157,NULL);
INSERT INTO `chapter` (`name`,`bookid`,`pages`,`id`,`creatorID`) VALUES ('Kap 0',65,'https://upload.wikimedia.org/wikipedia/commons/2/24/Male_mallard_duck_2.jpg',158,NULL);
INSERT INTO `chapter` (`name`,`bookid`,`pages`,`id`,`creatorID`) VALUES ('Kap 2',24,'https://upload.wikimedia.org/wikipedia/commons/2/24/Male_mallard_duck_2.jpg,http://i.imgur.com/FsnEUdm.png,http://i.imgur.com/caaUQRb.jpg,http://i.imgur.com/WQ1Vhoj.jpg,http://i.imgur.com/jGsjXLY.jpg,http://i.imgur.com/wCkBps0.jpg',159,NULL);
INSERT INTO `chapter` (`name`,`bookid`,`pages`,`id`,`creatorID`) VALUES ('remove,test',0,'http://i.imgur.com/XjtRMhA.png,http://i.imgur.com/sSUKms0.png',160,NULL);
INSERT INTO `chapter` (`name`,`bookid`,`pages`,`id`,`creatorID`) VALUES ('Kap 2',0,'http://i.imgur.com/HVa2GOt.jpg,http://i.imgur.com/J7tlQHe.jpg,http://i.imgur.com/yRZl9jF.jpg,http://i.imgur.com/fboeCOw.jpg,http://i.imgur.com/wwgi8T0.jpg,http://i.imgur.com/Nac9LgF.jpg',161,NULL);
INSERT INTO `chapter` (`name`,`bookid`,`pages`,`id`,`creatorID`) VALUES ('pooop',0,'http://i.imgur.com/RfcwoRC.jpg,http://i.imgur.com/mhe84jg.jpg,http://i.imgur.com/K7k4bj0.jpg,http://i.imgur.com/mOa3QKI.jpg,http://i.imgur.com/WMYku1H.jpg,http://i.imgur.com/CCFEylO.jpg,http://i.imgur.com/7mHqxT4.jpg,http://i.imgur.com/2o5vvEz.jpg,http://i.imgur.com/ZaPMZfD.jpg,http://i.imgur.com/zfmb9pi.jpg,http://i.imgur.com/0MLYV3J.jpg,http://i.imgur.com/ICX6iLG.jpg',162,NULL);
INSERT INTO `chapter` (`name`,`bookid`,`pages`,`id`,`creatorID`) VALUES ('kap 12',24,'http://i.imgur.com/EP2Kd66.jpg,http://i.imgur.com/lrCqH6I.png',163,NULL);
INSERT INTO `chapter` (`name`,`bookid`,`pages`,`id`,`creatorID`) VALUES ('ns',0,'http://i.imgur.com/6jfRDRy.jpg,http://i.imgur.com/dAesrq2.jpg',164,NULL);
INSERT INTO `chapter` (`name`,`bookid`,`pages`,`id`,`creatorID`) VALUES ('kap 3',24,'http://i.imgur.com/vBtg4tV.jpg,http://i.imgur.com/R923LL0.png',165,NULL);
INSERT INTO `chapter` (`name`,`bookid`,`pages`,`id`,`creatorID`) VALUES ('kap 66',65,'http://i.imgur.com/ZsI9sIO.jpg,http://i.imgur.com/IJZXIZx.jpg,http://i.imgur.com/GJ6J0Mz.png,http://i.imgur.com/JzDPjtX.jpg,http://i.imgur.com/W2ELvCC.jpg',166,NULL);
INSERT INTO `chapter` (`name`,`bookid`,`pages`,`id`,`creatorID`) VALUES ('kap 0',0,'http://i.imgur.com/DZvF3VD.jpg,http://i.imgur.com/hc123cV.jpg',167,NULL);
INSERT INTO `chapter` (`name`,`bookid`,`pages`,`id`,`creatorID`) VALUES ('Kap 0 - Preface',78,'http://i.imgur.com/M40eIHf.jpg,http://i.imgur.com/ATRDhf9.jpg,http://i.imgur.com/L3itTil.jpg,http://i.imgur.com/yWoVcyD.jpg,http://i.imgur.com/JqkKo3W.jpg,http://i.imgur.com/IODk4yW.jpg,http://i.imgur.com/C7GrQlX.jpg,http://i.imgur.com/WVjB8PT.jpg,http://i.imgur.com/mqs9jkV.jpg,http://i.imgur.com/NOKEvgk.jpg,http://i.imgur.com/pxZqXiD.jpg,http://i.imgur.com/HqHVeDy.jpg,http://i.imgur.com/XArpJuS.jpg,http://i.imgur.com/AHKcwVM.jpg,http://i.imgur.com/qIafUv6.jpg,http://i.imgur.com/dsfUz3O.jpg,http://i.imgur.com/uMOb6H6.jpg,http://i.imgur.com/6JIjTVK.jpg',168,NULL);
INSERT INTO `chapter` (`name`,`bookid`,`pages`,`id`,`creatorID`) VALUES ('Kap 1',78,'http://i.imgur.com/Q2pVq9h.jpg,http://i.imgur.com/6xuAe3P.jpg,http://i.imgur.com/PY7OfAo.jpg,http://i.imgur.com/Wzvjqof.jpg,http://i.imgur.com/dS79TPr.jpg,http://i.imgur.com/NVOtjbr.jpg,http://i.imgur.com/xvDa0qP.jpg,http://i.imgur.com/QXrbwGH.jpg,http://i.imgur.com/axEK9P0.jpg,http://i.imgur.com/5ChRASb.jpg,http://i.imgur.com/LR7JdkJ.jpg,http://i.imgur.com/PbBZPvh.jpg,http://i.imgur.com/OkLugrQ.jpg,http://i.imgur.com/jRaj85A.jpg,http://i.imgur.com/f88THGb.jpg,http://i.imgur.com/Pwoo7bl.jpg,http://i.imgur.com/zae4glo.jpg,http://i.imgur.com/KbBb9HG.jpg,http://i.imgur.com/gQv6bAl.jpg,http://i.imgur.com/LxxA492.jpg,http://i.imgur.com/GM5uAgl.jpg,http://i.imgur.com/OvKnEMl.jpg,http://i.imgur.com/bdqHcFs.jpg,http://i.imgur.com/5TuiDHc.jpg,http://i.imgur.com/ygdTnrm.jpg,http://i.imgur.com/m4G8ocn.jpg',169,NULL);
INSERT INTO `chapter` (`name`,`bookid`,`pages`,`id`,`creatorID`) VALUES ('Kap 2',78,'http://i.imgur.com/yXaNrKy.jpg,http://i.imgur.com/wFokpKz.jpg,http://i.imgur.com/BSlZ4sR.jpg,http://i.imgur.com/cNQJzir.jpg,http://i.imgur.com/BUjHlPy.jpg,http://i.imgur.com/r0lRlXS.jpg,http://i.imgur.com/pZGD39K.jpg,http://i.imgur.com/vy54dO9.jpg,http://i.imgur.com/hOj8PZW.jpg,http://i.imgur.com/Xhkw7gV.jpg,http://i.imgur.com/wixoHQ3.jpg,http://i.imgur.com/td9UZYM.jpg,http://i.imgur.com/hmcWwaA.jpg,http://i.imgur.com/m4cmKZZ.jpg,http://i.imgur.com/jBNGp9K.jpg,http://i.imgur.com/p0f1usx.jpg,http://i.imgur.com/Mz3Q0mS.jpg,http://i.imgur.com/Bm4wVqd.jpg,http://i.imgur.com/PtCv8Y7.jpg,http://i.imgur.com/mqB4WPq.jpg,http://i.imgur.com/87Mv1vq.jpg,http://i.imgur.com/i060oH7.jpg,http://i.imgur.com/auXp3p1.jpg,http://i.imgur.com/wA1to9S.jpg,http://i.imgur.com/cO5Yf6f.jpg,http://i.imgur.com/bcyXTGM.jpg,http://i.imgur.com/42dFZtO.jpg,http://i.imgur.com/qNhWmvB.jpg,http://i.imgur.com/LpY8s06.jpg',170,NULL);
INSERT INTO `chapter` (`name`,`bookid`,`pages`,`id`,`creatorID`) VALUES ('Kap 3',78,'http://i.imgur.com/DWCSeGV.jpg,http://i.imgur.com/CMHLyeY.jpg,http://i.imgur.com/Aokrp87.jpg,http://i.imgur.com/kT5dB4W.jpg,http://i.imgur.com/a05lDuI.jpg,http://i.imgur.com/eFqMWmb.jpg,http://i.imgur.com/uyQEIKn.jpg,http://i.imgur.com/lPCWKqa.jpg,http://i.imgur.com/1RdaVT1.jpg,http://i.imgur.com/LZc9zX9.jpg,http://i.imgur.com/WaxOTMW.jpg,http://i.imgur.com/uwNYZZm.jpg,http://i.imgur.com/LflUKJV.jpg,http://i.imgur.com/tCb3jTg.jpg,http://i.imgur.com/eFYgsyY.jpg,http://i.imgur.com/Rz2fVuR.jpg,http://i.imgur.com/MyX3wlx.jpg,http://i.imgur.com/UKvaC6O.jpg,http://i.imgur.com/HERHzMR.jpg,http://i.imgur.com/4ZTYlqP.jpg,http://i.imgur.com/GjNWVCm.jpg,http://i.imgur.com/21otJUc.jpg,',171,NULL);
INSERT INTO `chapter` (`name`,`bookid`,`pages`,`id`,`creatorID`) VALUES ('lecture 1',90,'http://i.imgur.com/zkXTDrD.jpg,http://i.imgur.com/RuCAn4d.jpg',172,NULL);
INSERT INTO `chapter` (`name`,`bookid`,`pages`,`id`,`creatorID`) VALUES ('lecture 2',90,'http://i.imgur.com/HQ2LzTZ.jpg,http://i.imgur.com/kc8p2b0.jpg,http://i.imgur.com/uP7Warw.jpg,http://i.imgur.com/2CteGlU.jpg',173,NULL);
INSERT INTO `chapter` (`name`,`bookid`,`pages`,`id`,`creatorID`) VALUES ('lecture 3',90,'http://i.imgur.com/NWkDP2P.jpg,http://i.imgur.com/exn03h7.jpg,http://i.imgur.com/I1K4hsS.jpg',174,NULL);
INSERT INTO `chapter` (`name`,`bookid`,`pages`,`id`,`creatorID`) VALUES ('lecture 4',90,'http://i.imgur.com/Z4ScWKN.jpg,http://i.imgur.com/PQ3UcIC.jpg,http://i.imgur.com/KHS5Drp.jpg',175,NULL);
INSERT INTO `chapter` (`name`,`bookid`,`pages`,`id`,`creatorID`) VALUES ('lecture 5',90,'http://i.imgur.com/uPt8ra9.jpg,http://i.imgur.com/VttHTVF.jpg,http://i.imgur.com/0dofnGd.jpg',176,NULL);
INSERT INTO `chapter` (`name`,`bookid`,`pages`,`id`,`creatorID`) VALUES ('lecture 6',90,'http://i.imgur.com/8PHFP5A.jpg,http://i.imgur.com/s2WySpo.jpg,http://i.imgur.com/5HH8Pcy.jpg,http://i.imgur.com/sKLrqU8.jpg',177,NULL);
INSERT INTO `chapter` (`name`,`bookid`,`pages`,`id`,`creatorID`) VALUES ('poop',24,'http://i.imgur.com/wUDzHw0.jpg,http://i.imgur.com/7fEuFNL.jpg,http://i.imgur.com/nMosC20.jpg',178,NULL);
INSERT INTO `chapter` (`name`,`bookid`,`pages`,`id`,`creatorID`) VALUES ('ppoo',24,'http://i.imgur.com/alakLpW.jpg,http://i.imgur.com/8J18CKE.jpg',179,NULL);
INSERT INTO `chapter` (`name`,`bookid`,`pages`,`id`,`creatorID`) VALUES ('as',24,'http://i.imgur.com/QjuTokZ.jpg,http://i.imgur.com/SaKkCqf.jpg',180,NULL);
INSERT INTO `chapter` (`name`,`bookid`,`pages`,`id`,`creatorID`) VALUES ('arla',24,'http://i.imgur.com/Mxhz72b.jpg,http://i.imgur.com/AWTrRiW.jpg',181,NULL);
INSERT INTO `chapter` (`name`,`bookid`,`pages`,`id`,`creatorID`) VALUES ('henry',24,'http://i.imgur.com/nq6noKg.jpg,http://i.imgur.com/AuLC7I7.jpg',182,NULL);
INSERT INTO `chapter` (`name`,`bookid`,`pages`,`id`,`creatorID`) VALUES ('bajs',24,'http://i.imgur.com/ZKZlSrn.jpg,http://i.imgur.com/3Wr7JWT.jpg',183,NULL);
INSERT INTO `chapter` (`name`,`bookid`,`pages`,`id`,`creatorID`) VALUES ('hahah',24,'http://i.imgur.com/tn9UB1B.jpg,http://i.imgur.com/iI1AObV.jpg',184,NULL);
INSERT INTO `chapter` (`name`,`bookid`,`pages`,`id`,`creatorID`) VALUES ('asd',24,'http://i.imgur.com/fc67Ljf.jpg,http://i.imgur.com/mwUxazN.jpg',185,NULL);
INSERT INTO `chapter` (`name`,`bookid`,`pages`,`id`,`creatorID`) VALUES ('SHITBALLS',24,'http://i.imgur.com/KX6SHzS.jpg,http://i.imgur.com/70fIErV.jpg',186,NULL);
INSERT INTO `chapter` (`name`,`bookid`,`pages`,`id`,`creatorID`) VALUES ('poopiePANTS',24,'http://i.imgur.com/B9bTAQf.jpg,http://i.imgur.com/wskzXNX.jpg',187,NULL);
INSERT INTO `chapter` (`name`,`bookid`,`pages`,`id`,`creatorID`) VALUES ('fak 1',107,'http://i.imgur.com/hHsSOPh.jpg,http://i.imgur.com/mj396KG.jpg',188,NULL);
INSERT INTO `chapter` (`name`,`bookid`,`pages`,`id`,`creatorID`) VALUES ('kap 0',109,'http://i.imgur.com/NONCCgK.jpg,http://i.imgur.com/eMsCD9G.jpg,http://i.imgur.com/iz0X78w.jpg,http://i.imgur.com/T5yagfg.jpg,http://i.imgur.com/8PUjTrd.jpg,http://i.imgur.com/NVaBHdd.jpg,http://i.imgur.com/UHveCKS.jpg,http://i.imgur.com/bJWTjbq.jpg',189,NULL);
INSERT INTO `chapter` (`name`,`bookid`,`pages`,`id`,`creatorID`) VALUES ('bajsinyllet',24,'http://i.imgur.com/SQPecxU.jpg,http://i.imgur.com/FknB16T.jpg,http://i.imgur.com/2Xw1Cpn.jpg,http://i.imgur.com/XO6g4WE.jpg,http://i.imgur.com/e6X90O6.jpg,http://i.imgur.com/gYHrhQM.jpg,http://i.imgur.com/qbdf3TK.jpg,http://i.imgur.com/Ssm2C7x.jpg,http://i.imgur.com/OoEx0Yl.jpg,http://i.imgur.com/n7VMd1y.jpg',190,NULL);
INSERT INTO `chapter` (`name`,`bookid`,`pages`,`id`,`creatorID`) VALUES ('banan',109,'http://i.imgur.com/0osrhXC.jpg,http://i.imgur.com/mvej9yX.jpg',191,NULL);
INSERT INTO `chapter` (`name`,`bookid`,`pages`,`id`,`creatorID`) VALUES ('intro',113,'http://i.imgur.com/pjyxLI5.jpg,http://i.imgur.com/UYGGjep.jpg,http://i.imgur.com/IWQGunf.jpg,http://i.imgur.com/qjclajN.jpg,http://i.imgur.com/FXTr8te.jpg,http://i.imgur.com/cGuqyqQ.jpg,http://i.imgur.com/xtW67ag.jpg,http://i.imgur.com/7hU4q1T.jpg,http://i.imgur.com/1VQzIIx.jpg,http://i.imgur.com/y7hA1eB.jpg',192,NULL);
INSERT INTO `chapter` (`name`,`bookid`,`pages`,`id`,`creatorID`) VALUES ('Kap 1',113,'http://i.imgur.com/jek1Zgz.jpg,http://i.imgur.com/JMCy3yj.jpg,http://i.imgur.com/u1hnhhR.jpg,http://i.imgur.com/PlsbKzG.jpg,http://i.imgur.com/MlMmANe.jpg,http://i.imgur.com/tanTFz7.jpg,http://i.imgur.com/QJr2xKj.jpg,http://i.imgur.com/Bcg16R2.jpg,http://i.imgur.com/E5LXbWK.jpg,http://i.imgur.com/mKMvJ8k.jpg,http://i.imgur.com/CampTdU.jpg,http://i.imgur.com/6vDTIVA.jpg,http://i.imgur.com/4SeiphH.jpg,http://i.imgur.com/oobEr4e.jpg,http://i.imgur.com/DCI78LM.jpg',193,NULL);
INSERT INTO `chapter` (`name`,`bookid`,`pages`,`id`,`creatorID`) VALUES ('Kap 2',113,'http://i.imgur.com/3FgSp9M.jpg,http://i.imgur.com/TasDFZo.jpg,http://i.imgur.com/7AJYJIa.jpg,http://i.imgur.com/8TgBoEq.jpg,http://i.imgur.com/OAw08DV.jpg,http://i.imgur.com/e7be5Uh.jpg,http://i.imgur.com/NJRUFat.jpg,http://i.imgur.com/kfMTSSo.jpg',194,NULL);
INSERT INTO `chapter` (`name`,`bookid`,`pages`,`id`,`creatorID`) VALUES ('',24,'http://i.imgur.com/rxPYo03.jpg,http://i.imgur.com/8fbADuv.jpg,http://i.imgur.com/JXnFEUH.jpg,http://i.imgur.com/UTnwr8J.png',195,NULL);
INSERT INTO `chapter` (`name`,`bookid`,`pages`,`id`,`creatorID`) VALUES ('',0,'http://i.imgur.com/Wf1yqFH.jpg,http://i.imgur.com/FTZr4Is.jpg,http://i.imgur.com/eF9LZAt.jpg,http://i.imgur.com/QE1iZms.jpg,http://i.imgur.com/1dZapNh.jpg,http://i.imgur.com/EenHVXl.jpg,http://i.imgur.com/3G2Zz23.jpg,http://i.imgur.com/DzQbNuy.jpg,http://i.imgur.com/Isw4sJV.jpg,http://i.imgur.com/ENECqL2.jpg,http://i.imgur.com/kXmEXLb.jpg,http://i.imgur.com/gSesUff.jpg,http://i.imgur.com/cpHcUxG.jpg,http://i.imgur.com/bx05p8I.jpg',196,NULL);
INSERT INTO `chapter` (`name`,`bookid`,`pages`,`id`,`creatorID`) VALUES ('',120,'',197,NULL);

INSERT INTO `users` (`name`,`mail`,`password`,`id`,`tutorial`,`emitted`,`admin`) VALUES ('admin','book4lifeab@gmail.com','G#d#8#H_ltprSvNFyzCuDfENFyltEGd8Habc',49,0,1,1);
INSERT INTO `users` (`name`,`mail`,`password`,`id`,`tutorial`,`emitted`,`admin`) VALUES ('temp','mronkelhoy@gmail.com','8H##_EG#AprSsM.IMMGd8Hf_bPQ6hhMMMbca',50,0,1,0);